neighborhood,zip,building_class,address,unit,url,floor,tower,br,ba,year_built,sale_price,sale_date
LOWER EAST SIDE,10002,10 COOPS - ELEVATOR APARTMENTS,212 EAST BROADWAY,G1802,"https://www.google.com/search?q=site%3Astreeteasy.com+""212+EAST+BROADWAY""+""G1802""",18,LEFT,2,2,1960,"2,500,000.00",5/16/2022
LOWER EAST SIDE,10002,10 COOPS - ELEVATOR APARTMENTS,210 EAST BROADWAY,H1607,"https://www.google.com/search?q=site%3Astreeteasy.com+""210+EAST+BROADWAY""+""H1607""",16,MIDDLE,1,1,1960,"799,000.00",1/21/2020
LOWER EAST SIDE,10002,10 COOPS - ELEVATOR APARTMENTS,415 GRAND STREET,E306,"https://www.google.com/search?q=site%3Astreeteasy.com+""415+GRAND+STREET""+""E306""",3,MIDDLE,3,1.5,1960,"1,325,000.00",1/28/2020
LOWER EAST SIDE,10002,10 COOPS - ELEVATOR APARTMENTS,385 GRAND STREET,L1801,"https://www.google.com/search?q=site%3Astreeteasy.com+""385+GRAND+STREET""+""L1801""",18,MIDDLE,2,1,1960,"1,860,000.00",4/14/2022
LOWER EAST SIDE,10002,10 COOPS - ELEVATOR APARTMENTS,266 EAST BROADWAY,B1908,"https://www.google.com/search?q=site%3Astreeteasy.com+""266+EAST+BROADWAY""+""B1908""",19,MIDDLE,1,1,1960,"775,000.00",2/12/2020
LOWER EAST SIDE,10002,10 COOPS - ELEVATOR APARTMENTS,208 EAST BROADWAY,J902,"https://www.google.com/search?q=site%3Astreeteasy.com+""208+EAST+BROADWAY""+""J902""",9,RIGHT,2,2,1960,"1,850,000.00",1/21/2022
LOWER EAST SIDE,10002,10 COOPS - ELEVATOR APARTMENTS,208 EAST BROADWAY,J1801,"https://www.google.com/search?q=site%3Astreeteasy.com+""208+EAST+BROADWAY""+""J1801""",18,RIGHT,2,2,1960,"1,616,000.00",12/15/2020
LOWER EAST SIDE,10002,10 COOPS - ELEVATOR APARTMENTS,210 EAST BROADWAY,H1803,"https://www.google.com/search?q=site%3Astreeteasy.com+""210+EAST+BROADWAY""+""H1803""",18,MIDDLE,1,1,1960,"687,500.00",3/17/2020
LOWER EAST SIDE,10002,10 COOPS - ELEVATOR APARTMENTS,413 GRAND STREET,F1101,"https://www.google.com/search?q=site%3Astreeteasy.com+""413+GRAND+STREET""+""F1101""",11,LEFT,3,1.5,1960,"1,285,000.00",4/28/2020
LOWER EAST SIDE,10002,10 COOPS - ELEVATOR APARTMENTS,210 EAST BROADWAY,H102,"https://www.google.com/search?q=site%3Astreeteasy.com+""210+EAST+BROADWAY""+""H102""",1,MIDDLE,studio,1,1960,"459,000.00",4/30/2020
LOWER EAST SIDE,10002,10 COOPS - ELEVATOR APARTMENTS,387 GRAND ST,K401,"https://www.google.com/search?q=site%3Astreeteasy.com+""387+GRAND+ST""+""K401""",4,RIGHT,1,1,1960,"645,000.00",5/18/2020
LOWER EAST SIDE,10002,10 COOPS - ELEVATOR APARTMENTS,415 GRAND STREET,E1603,"https://www.google.com/search?q=site%3Astreeteasy.com+""415+GRAND+STREET""+""E1603""",16,MIDDLE,3,1.5,1960,"1,770,000.00",5/26/2020
LOWER EAST SIDE,10002,10 COOPS - ELEVATOR APARTMENTS,415 GRAND ST,E104,"https://www.google.com/search?q=site%3Astreeteasy.com+""415+GRAND+ST""+""E104""",1,MIDDLE,1,1,1960,"685,000.00",5/29/2020
LOWER EAST SIDE,10002,10 COOPS - ELEVATOR APARTMENTS,266 EAST BROADWAY,B1004,"https://www.google.com/search?q=site%3Astreeteasy.com+""266+EAST+BROADWAY""+""B1004""",10,MIDDLE,1,1,1960,"765,000.00",6/23/2020
LOWER EAST SIDE,10002,10 COOPS - ELEVATOR APARTMENTS,266 EAST BROADWAY,B1005,"https://www.google.com/search?q=site%3Astreeteasy.com+""266+EAST+BROADWAY""+""B1005""",10,MIDDLE,1,1,1960,"665,000.00",6/23/2020
LOWER EAST SIDE,10002,10 COOPS - ELEVATOR APARTMENTS,212 EAST BROADWAY,G1704,"https://www.google.com/search?q=site%3Astreeteasy.com+""212+EAST+BROADWAY""+""G1704""",17,LEFT,2,1,1960,"1,475,000.00",3/10/2022
LOWER EAST SIDE,10002,10 COOPS - ELEVATOR APARTMENTS,385 GRAND STREET,L205,"https://www.google.com/search?q=site%3Astreeteasy.com+""385+GRAND+STREET""+""L205""",2,MIDDLE,1,1,1960,"695,000.00",7/9/2020
LOWER EAST SIDE,10002,10 COOPS - ELEVATOR APARTMENTS,385 GRAND STREET,L602,"https://www.google.com/search?q=site%3Astreeteasy.com+""385+GRAND+STREET""+""L602""",6,MIDDLE,studio,1,1960,"520,000.00",7/13/2020
LOWER EAST SIDE,10002,10 COOPS - ELEVATOR APARTMENTS,385 GRAND STREET,L304,"https://www.google.com/search?q=site%3Astreeteasy.com+""385+GRAND+STREET""+""L304""",3,MIDDLE,1,1,1960,"715,000.00",8/6/2020
LOWER EAST SIDE,10002,10 COOPS - ELEVATOR APARTMENTS,266 EAST BROADWAY,B1902,"https://www.google.com/search?q=site%3Astreeteasy.com+""266+EAST+BROADWAY""+""B1902""",19,MIDDLE,studio,1,1960,"475,000.00",8/13/2020
LOWER EAST SIDE,10002,10 COOPS - ELEVATOR APARTMENTS,385 GRAND STREET,L1402,"https://www.google.com/search?q=site%3Astreeteasy.com+""385+GRAND+STREET""+""L1402""",14,MIDDLE,studio,1,1960,"245,000.00",8/21/2020
LOWER EAST SIDE,10002,10 COOPS - ELEVATOR APARTMENTS,387 GRAND STREET,K806,"https://www.google.com/search?q=site%3Astreeteasy.com+""387+GRAND+STREET""+""K806""",8,RIGHT,2,1,1960,"1,425,000.00",5/6/2024
LOWER EAST SIDE,10002,10 COOPS - ELEVATOR APARTMENTS,383 GRAND STREET,M601,"https://www.google.com/search?q=site%3Astreeteasy.com+""383+GRAND+STREET""+""M601""",6,LEFT,3,4,1960,"1,387,000.00",9/10/2020
LOWER EAST SIDE,10002,10 COOPS - ELEVATOR APARTMENTS,387 GRAND STREET,K104,"https://www.google.com/search?q=site%3Astreeteasy.com+""387+GRAND+STREET""+""K104""",1,RIGHT,2,1,1960,"975,000.00",4/19/2024
LOWER EAST SIDE,10002,10 COOPS - ELEVATOR APARTMENTS,385 GRAND STREET,L1204,"https://www.google.com/search?q=site%3Astreeteasy.com+""385+GRAND+STREET""+""L1204""",12,MIDDLE,1,1,1960,"700,000.00",10/1/2020
LOWER EAST SIDE,10002,10 COOPS - ELEVATOR APARTMENTS,264 EAST BROADWAY,C1403,"https://www.google.com/search?q=site%3Astreeteasy.com+""264+EAST+BROADWAY""+""C1403""",14,RIGHT,1,1,1960,"775,000.00",10/13/2020
LOWER EAST SIDE,10002,10 COOPS - ELEVATOR APARTMENTS,210 EAST BROADWAY,H1403,"https://www.google.com/search?q=site%3Astreeteasy.com+""210+EAST+BROADWAY""+""H1403""",14,MIDDLE,1,1,1960,"700,000.00",10/22/2020
LOWER EAST SIDE,10002,10 COOPS - ELEVATOR APARTMENTS,385 GRAND STREET,L1103,"https://www.google.com/search?q=site%3Astreeteasy.com+""385+GRAND+STREET""+""L1103""",11,MIDDLE,3,2,1960,"1,700,000.00",10/29/2020
LOWER EAST SIDE,10002,10 COOPS - ELEVATOR APARTMENTS,383 GRAND ST,M1207,"https://www.google.com/search?q=site%3Astreeteasy.com+""383+GRAND+ST""+""M1207""",12,LEFT,2,1,1960,"1,295,000.00",7/28/2022
LOWER EAST SIDE,10002,10 COOPS - ELEVATOR APARTMENTS,387 GRAND STREET,K1106,"https://www.google.com/search?q=site%3Astreeteasy.com+""387+GRAND+STREET""+""K1106""",11,RIGHT,2,1,1960,"1,250,000.00",10/13/2023
LOWER EAST SIDE,10002,10 COOPS - ELEVATOR APARTMENTS,268 EAST BROADWAY,A1901,"https://www.google.com/search?q=site%3Astreeteasy.com+""268+EAST+BROADWAY""+""A1901""",19,LEFT,2,1,1960,"1,210,000.00",9/29/2020
LOWER EAST SIDE,10002,10 COOPS - ELEVATOR APARTMENTS,415 GRAND STREET,E602,"https://www.google.com/search?q=site%3Astreeteasy.com+""415+GRAND+STREET""+""E602""",6,MIDDLE,studio,1,1960,"450,000.00",11/22/2020
LOWER EAST SIDE,10002,10 COOPS - ELEVATOR APARTMENTS,387 GRAND STREET,K807,"https://www.google.com/search?q=site%3Astreeteasy.com+""387+GRAND+STREET""+""K807""",8,RIGHT,2,1,1960,"1,200,000.00",2/9/2024
LOWER EAST SIDE,10002,10 COOPS - ELEVATOR APARTMENTS,266 EAST BROADWAY,B1604,"https://www.google.com/search?q=site%3Astreeteasy.com+""266+EAST+BROADWAY""+""B1604""",16,MIDDLE,1,1,1960,"750,000.00",12/11/2020
LOWER EAST SIDE,10002,10 COOPS - ELEVATOR APARTMENTS,266 EAST BROADWAY,B1402,"https://www.google.com/search?q=site%3Astreeteasy.com+""266+EAST+BROADWAY""+""B1402""",14,MIDDLE,studio,1,1960,"455,000.00",12/15/2020
LOWER EAST SIDE,10002,10 COOPS - ELEVATOR APARTMENTS,212 EAST BROADWAY,G1706,"https://www.google.com/search?q=site%3Astreeteasy.com+""212+EAST+BROADWAY""+""G1706""",17,LEFT,2,1,1960,"1,195,000.00",9/14/2021
LOWER EAST SIDE,10002,10 COOPS - ELEVATOR APARTMENTS,385 GRAND STREET,L1304,"https://www.google.com/search?q=site%3Astreeteasy.com+""385+GRAND+STREET""+""L1304""",13,MIDDLE,1,1,1960,"740,000.00",12/18/2020
LOWER EAST SIDE,10002,10 COOPS - ELEVATOR APARTMENTS,385 GRAND STREET,L105,"https://www.google.com/search?q=site%3Astreeteasy.com+""385+GRAND+STREET""+""L105""",1,MIDDLE,1,1,1960,"669,000.00",1/11/2021
LOWER EAST SIDE,10002,10 COOPS - ELEVATOR APARTMENTS,210 EAST BROADWAY,H208,"https://www.google.com/search?q=site%3Astreeteasy.com+""210+EAST+BROADWAY""+""H208""",2,MIDDLE,1,1,1960,"728,000.00",1/15/2021
LOWER EAST SIDE,10002,10 COOPS - ELEVATOR APARTMENTS,417 GRAND STREET,D1202,"https://www.google.com/search?q=site%3Astreeteasy.com+""417+GRAND+STREET""+""D1202""",12,RIGHT,1,1,1960,"720,000.00",1/19/2021
LOWER EAST SIDE,10002,10 COOPS - ELEVATOR APARTMENTS,264 EAST BROADWAY,C1007,"https://www.google.com/search?q=site%3Astreeteasy.com+""264+EAST+BROADWAY""+""C1007""",10,RIGHT,2,1,1960,"1,175,000.00",11/12/2021
LOWER EAST SIDE,10002,10 COOPS - ELEVATOR APARTMENTS,264 EAST BROADWAY,C506,"https://www.google.com/search?q=site%3Astreeteasy.com+""264+EAST+BROADWAY""+""C506""",5,RIGHT,2,1,1960,"1,100,000.00",12/15/2023
LOWER EAST SIDE,10002,10 COOPS - ELEVATOR APARTMENTS,266 EAST BROADWAY,B902,"https://www.google.com/search?q=site%3Astreeteasy.com+""266+EAST+BROADWAY""+""B902""",9,MIDDLE,studio,1,1960,"449,000.00",2/1/2021
LOWER EAST SIDE,10002,10 COOPS - ELEVATOR APARTMENTS,413 GRAND STREET,F901,"https://www.google.com/search?q=site%3Astreeteasy.com+""413+GRAND+STREET""+""F901""",9,LEFT,3,1.5,1960,"1,285,000.00",2/1/2021
LOWER EAST SIDE,10002,10 COOPS - ELEVATOR APARTMENTS,385 GRAND STREET,L2004,"https://www.google.com/search?q=site%3Astreeteasy.com+""385+GRAND+STREET""+""L2004""",20,MIDDLE,1,1,1960,"660,000.00",2/1/2021
LOWER EAST SIDE,10002,10 COOPS - ELEVATOR APARTMENTS,415 GRAND STREET,E1505,"https://www.google.com/search?q=site%3Astreeteasy.com+""415+GRAND+STREET""+""E1505""",15,MIDDLE,1,1,1960,"660,000.00",2/8/2021
LOWER EAST SIDE,10002,10 COOPS - ELEVATOR APARTMENTS,208 EAST BROADWAY,J1802,"https://www.google.com/search?q=site%3Astreeteasy.com+""208+EAST+BROADWAY""+""J1802""",18,RIGHT,1,1,1960,"810,000.00",2/23/2021
LOWER EAST SIDE,10002,10 COOPS - ELEVATOR APARTMENTS,413 GRAND STREET,F1702,"https://www.google.com/search?q=site%3Astreeteasy.com+""413+GRAND+STREET""+""F1702""",17,LEFT,1,1,1960,"459,000.00",2/25/2021
LOWER EAST SIDE,10002,10 COOPS - ELEVATOR APARTMENTS,385 GRAND STREET,L106,"https://www.google.com/search?q=site%3Astreeteasy.com+""385+GRAND+STREET""+""L106""",1,MIDDLE,3,1.5,1960,"1,277,500.00",3/10/2021
LOWER EAST SIDE,10002,10 COOPS - ELEVATOR APARTMENTS,212 EAST BROADWAY,G1406,"https://www.google.com/search?q=site%3Astreeteasy.com+""212+EAST+BROADWAY""+""G1406""",14,LEFT,2,1,1960,"1,156,000.00",11/14/2023
LOWER EAST SIDE,10002,10 COOPS - ELEVATOR APARTMENTS,385 GRAND STREET,L1602,"https://www.google.com/search?q=site%3Astreeteasy.com+""385+GRAND+STREET""+""L1602""",16,MIDDLE,studio,1,1960,"459,000.00",3/12/2021
LOWER EAST SIDE,10002,10 COOPS - ELEVATOR APARTMENTS,413 GRAND STREET,F1204,"https://www.google.com/search?q=site%3Astreeteasy.com+""413+GRAND+STREET""+""F1204""",12,LEFT,2,1,1960,"1,155,000.00",9/22/2021
LOWER EAST SIDE,10002,10 COOPS - ELEVATOR APARTMENTS,266 EAST BROADWAY,B1502,"https://www.google.com/search?q=site%3Astreeteasy.com+""266+EAST+BROADWAY""+""B1502""",15,MIDDLE,studio,1,1960,"463,000.00",3/25/2021
LOWER EAST SIDE,10002,10 COOPS - ELEVATOR APARTMENTS,264 EAST BROADWAY,C1206,"https://www.google.com/search?q=site%3Astreeteasy.com+""264+EAST+BROADWAY""+""C1206""",12,RIGHT,2,1,1960,"1,150,000.00",5/25/2021
LOWER EAST SIDE,10002,10 COOPS - ELEVATOR APARTMENTS,208 EAST BROADWAY,J1404,"https://www.google.com/search?q=site%3Astreeteasy.com+""208+EAST+BROADWAY""+""J1404""",14,RIGHT,2,1,1960,"1,125,000.00",6/24/2020
LOWER EAST SIDE,10002,10 COOPS - ELEVATOR APARTMENTS,385 GRAND STREET,L1403,"https://www.google.com/search?q=site%3Astreeteasy.com+""385+GRAND+STREET""+""L1403""",14,MIDDLE,1,1,1960,"685,000.00",4/22/2021
LOWER EAST SIDE,10002,10 COOPS - ELEVATOR APARTMENTS,264 EAST BROADWAY,C1707,"https://www.google.com/search?q=site%3Astreeteasy.com+""264+EAST+BROADWAY""+""C1707""",17,RIGHT,3,2.5,1960,"2,480,000.00",5/3/2021
LOWER EAST SIDE,10002,10 COOPS - ELEVATOR APARTMENTS,268 EAST BROADWAY,A2002,"https://www.google.com/search?q=site%3Astreeteasy.com+""268+EAST+BROADWAY""+""A2002""",20,LEFT,1,1,1960,"850,000.00",5/6/2021
LOWER EAST SIDE,10002,10 COOPS - ELEVATOR APARTMENTS,413 GRAND STREET,F806,"https://www.google.com/search?q=site%3Astreeteasy.com+""413+GRAND+STREET""+""F806""",8,LEFT,2,1,1960,"1,125,000.00",8/1/2022
LOWER EAST SIDE,10002,10 COOPS - ELEVATOR APARTMENTS,415 GRAND STREET,E302,"https://www.google.com/search?q=site%3Astreeteasy.com+""415+GRAND+STREET""+""E302""",3,MIDDLE,studio,1,1960,"440,000.00",5/24/2021
LOWER EAST SIDE,10002,10 COOPS - ELEVATOR APARTMENTS,383 GRAND STREET,M1205,"https://www.google.com/search?q=site%3Astreeteasy.com+""383+GRAND+STREET""+""M1205""",12,LEFT,2,1,1960,"1,125,000.00",3/10/2023
LOWER EAST SIDE,10002,10 COOPS - ELEVATOR APARTMENTS,383 GRAND STREET,M1002,"https://www.google.com/search?q=site%3Astreeteasy.com+""383+GRAND+STREET""+""M1002""",10,LEFT,1,1,1960,"450,000.00",6/3/2021
LOWER EAST SIDE,10002,10 COOPS - ELEVATOR APARTMENTS,383 GRAND STREET,M603,"https://www.google.com/search?q=site%3Astreeteasy.com+""383+GRAND+STREET""+""M603""",6,LEFT,1,1,1960,"857,000.00",6/4/2021
LOWER EAST SIDE,10002,10 COOPS - ELEVATOR APARTMENTS,383 GRAND STREET,M602,"https://www.google.com/search?q=site%3Astreeteasy.com+""383+GRAND+STREET""+""M602""",6,LEFT,1,1,1960,"442,000.00",6/9/2021
LOWER EAST SIDE,10002,10 COOPS - ELEVATOR APARTMENTS,264 EAST BROADWAY,C302,"https://www.google.com/search?q=site%3Astreeteasy.com+""264+EAST+BROADWAY""+""C302""",3,RIGHT,1,1,1960,"640,000.00",6/16/2021
LOWER EAST SIDE,10002,10 COOPS - ELEVATOR APARTMENTS,210 EAST BROADWAY,H1605,"https://www.google.com/search?q=site%3Astreeteasy.com+""210+EAST+BROADWAY""+""H1605""",16,MIDDLE,1,1,1960,"765,000.00",6/17/2021
LOWER EAST SIDE,10002,10 COOPS - ELEVATOR APARTMENTS,385 GRAND STREET,L507,"https://www.google.com/search?q=site%3Astreeteasy.com+""385+GRAND+STREET""+""L507""",5,MIDDLE,1,1,1960,"735,000.00",6/22/2021
LOWER EAST SIDE,10002,10 COOPS - ELEVATOR APARTMENTS,264 EAST BROADWAY,C401,"https://www.google.com/search?q=site%3Astreeteasy.com+""264+EAST+BROADWAY""+""C401""",4,RIGHT,1,1,1960,"739,000.00",6/23/2021
LOWER EAST SIDE,10002,10 COOPS - ELEVATOR APARTMENTS,264 EAST BROADWAY,C101,"https://www.google.com/search?q=site%3Astreeteasy.com+""264+EAST+BROADWAY""+""C101""",1,RIGHT,1,1,1960,"640,000.00",6/23/2021
LOWER EAST SIDE,10002,10 COOPS - ELEVATOR APARTMENTS,413 GRAND STREET,D1902,"https://www.google.com/search?q=site%3Astreeteasy.com+""413+GRAND+STREET""+""D1902""",19,LEFT,1,1,1960,"950,000.00",7/8/2021
LOWER EAST SIDE,10002,10 COOPS - ELEVATOR APARTMENTS,208 EAST BROADWAY,J702,"https://www.google.com/search?q=site%3Astreeteasy.com+""208+EAST+BROADWAY""+""J702""",7,RIGHT,1,1,1960,"650,000.00",7/12/2021
LOWER EAST SIDE,10002,10 COOPS - ELEVATOR APARTMENTS,387 GRAND STREET,K602,"https://www.google.com/search?q=site%3Astreeteasy.com+""387+GRAND+STREET""+""K602""",6,RIGHT,1,1,1960,"716,000.00",7/14/2021
LOWER EAST SIDE,10002,10 COOPS - ELEVATOR APARTMENTS,387 GRAND STREET,K1707,"https://www.google.com/search?q=site%3Astreeteasy.com+""387+GRAND+STREET""+""K1707""",17,RIGHT,2,1,1960,"1,112,500.00",3/22/2022
LOWER EAST SIDE,10002,10 COOPS - ELEVATOR APARTMENTS,208 EAST BROADWAY,J1504,"https://www.google.com/search?q=site%3Astreeteasy.com+""208+EAST+BROADWAY""+""J1504""",15,RIGHT,2,1,1960,"1,100,000.00",5/6/2022
LOWER EAST SIDE,10002,10 COOPS - ELEVATOR APARTMENTS,264 EAST BROADWAY,C1902,"https://www.google.com/search?q=site%3Astreeteasy.com+""264+EAST+BROADWAY""+""C1902""",19,RIGHT,1,1,1960,"780,000.00",7/22/2021
LOWER EAST SIDE,10002,10 COOPS - ELEVATOR APARTMENTS,264 EAST BROADWAY,C1607,"https://www.google.com/search?q=site%3Astreeteasy.com+""264+EAST+BROADWAY""+""C1607""",16,RIGHT,2,1,1960,"1,100,000.00",8/2/2023
LOWER EAST SIDE,10002,10 COOPS - ELEVATOR APARTMENTS,415 GRAND STREET,E703,"https://www.google.com/search?q=site%3Astreeteasy.com+""415+GRAND+STREET""+""E703""",7,MIDDLE,1,1,1960,"675,000.00",8/23/2021
LOWER EAST SIDE,10002,10 COOPS - ELEVATOR APARTMENTS,208 EAST BROADWAY,J603,"https://www.google.com/search?q=site%3Astreeteasy.com+""208+EAST+BROADWAY""+""J603""",6,RIGHT,1,1,1960,"830,000.00",8/25/2021
LOWER EAST SIDE,10002,10 COOPS - ELEVATOR APARTMENTS,268 EAST BROADWAY,A1006,"https://www.google.com/search?q=site%3Astreeteasy.com+""268+EAST+BROADWAY""+""A1006""",10,LEFT,2,1,1960,"1,100,000.00",10/10/2023
LOWER EAST SIDE,10002,10 COOPS - ELEVATOR APARTMENTS,417 GRAND STREET,D204,"https://www.google.com/search?q=site%3Astreeteasy.com+""417+GRAND+STREET""+""D204""",2,RIGHT,2,1,1960,"999,999.00",12/5/2023
LOWER EAST SIDE,10002,10 COOPS - ELEVATOR APARTMENTS,268 EAST BROADWAY,A201,"https://www.google.com/search?q=site%3Astreeteasy.com+""268+EAST+BROADWAY""+""A201""",2,LEFT,3,1.5,1960,"1,275,000.00",8/31/2021
LOWER EAST SIDE,10002,10 COOPS - ELEVATOR APARTMENTS,415 GRAND STREET,E708,"https://www.google.com/search?q=site%3Astreeteasy.com+""415+GRAND+STREET""+""E708""",7,MIDDLE,1,1,1960,"740,000.00",9/1/2021
LOWER EAST SIDE,10002,10 COOPS - ELEVATOR APARTMENTS,264 EAST BROADWAY,C1306,"https://www.google.com/search?q=site%3Astreeteasy.com+""264+EAST+BROADWAY""+""C1306""",13,RIGHT,2,1,1960,"1,075,000.00",1/20/2022
LOWER EAST SIDE,10002,10 COOPS - ELEVATOR APARTMENTS,383 GRAND STREET,M101,"https://www.google.com/search?q=site%3Astreeteasy.com+""383+GRAND+STREET""+""M101""",1,LEFT,3,1.5,1960,"1,262,500.00",9/10/2021
LOWER EAST SIDE,10002,10 COOPS - ELEVATOR APARTMENTS,212 EAST BROADWAY,G304,"https://www.google.com/search?q=site%3Astreeteasy.com+""212+EAST+BROADWAY""+""G304""",3,LEFT,2,1,1960,"1,075,000.00",11/2/2023
LOWER EAST SIDE,10002,10 COOPS - ELEVATOR APARTMENTS,383 GRAND STREET,M2002,"https://www.google.com/search?q=site%3Astreeteasy.com+""383+GRAND+STREET""+""M2002""",20,LEFT,1,1,1960,"875,000.00",9/14/2021
LOWER EAST SIDE,10002,10 COOPS - ELEVATOR APARTMENTS,413 GRAND STREET,F1704,"https://www.google.com/search?q=site%3Astreeteasy.com+""413+GRAND+STREET""+""F1704""",17,LEFT,2,1,1960,"1,065,000.00",11/12/2020
LOWER EAST SIDE,10002,10 COOPS - ELEVATOR APARTMENTS,417 GRAND STREET,D601,"https://www.google.com/search?q=site%3Astreeteasy.com+""417+GRAND+STREET""+""D601""",6,RIGHT,1,1,1960,"659,000.00",9/20/2021
LOWER EAST SIDE,10002,10 COOPS - ELEVATOR APARTMENTS,212 EAST BROADWAY,G105,"https://www.google.com/search?q=site%3Astreeteasy.com+""212+EAST+BROADWAY""+""G105""",1,LEFT,2,1,1960,"1,055,000.00",1/17/2023
LOWER EAST SIDE,10002,10 COOPS - ELEVATOR APARTMENTS,417 GRAND STREET,D501,"https://www.google.com/search?q=site%3Astreeteasy.com+""417+GRAND+STREET""+""D501""",5,RIGHT,4,2,1960,"1,775,000.00",9/24/2021
LOWER EAST SIDE,10002,10 COOPS - ELEVATOR APARTMENTS,413 GRAND STREET,F207,"https://www.google.com/search?q=site%3Astreeteasy.com+""413+GRAND+STREET""+""F207""",2,LEFT,2,1,1960,"1,050,000.00",1/9/2023
LOWER EAST SIDE,10002,10 COOPS - ELEVATOR APARTMENTS,413 GRAND STREET,F1206,"https://www.google.com/search?q=site%3Astreeteasy.com+""413+GRAND+STREET""+""F1206""",12,LEFT,2,1,1960,"1,050,000.00",11/2/2020
LOWER EAST SIDE,10002,10 COOPS - ELEVATOR APARTMENTS,385 GRAND STREET,L1506,"https://www.google.com/search?q=site%3Astreeteasy.com+""385+GRAND+STREET""+""L1506""",15,MIDDLE,3,1.5,1960,"1,395,000.00",10/12/2021
LOWER EAST SIDE,10002,10 COOPS - ELEVATOR APARTMENTS,210 EAST BROADWAY,H1603,"https://www.google.com/search?q=site%3Astreeteasy.com+""210+EAST+BROADWAY""+""H1603""",16,MIDDLE,1,1,1960,"738,000.00",10/20/2021
LOWER EAST SIDE,10002,10 COOPS - ELEVATOR APARTMENTS,415 GRAND STREET,E702,"https://www.google.com/search?q=site%3Astreeteasy.com+""415+GRAND+STREET""+""E702""",7,MIDDLE,studio,1,1960,"435,000.00",10/27/2021
LOWER EAST SIDE,10002,10 COOPS - ELEVATOR APARTMENTS,415 GRAND STREET,E103,"https://www.google.com/search?q=site%3Astreeteasy.com+""415+GRAND+STREET""+""E103""",1,MIDDLE,1,1,1960,"645,000.00",10/28/2021
LOWER EAST SIDE,10002,10 COOPS - ELEVATOR APARTMENTS,415 GRAND STREET,E1104,"https://www.google.com/search?q=site%3Astreeteasy.com+""415+GRAND+STREET""+""E1104""",11,MIDDLE,4,3,1960,"2,400,000.00",10/29/2021
LOWER EAST SIDE,10002,10 COOPS - ELEVATOR APARTMENTS,387 GRAND STREET,K1802,"https://www.google.com/search?q=site%3Astreeteasy.com+""387+GRAND+STREET""+""K1802""",18,RIGHT,1,1,1960,"850,000.00",11/1/2021
LOWER EAST SIDE,10002,10 COOPS - ELEVATOR APARTMENTS,266 EAST BROADWAY,B708,"https://www.google.com/search?q=site%3Astreeteasy.com+""266+EAST+BROADWAY""+""B708""",7,MIDDLE,1,1,1960,"815,000.00",11/2/2021
LOWER EAST SIDE,10002,10 COOPS - ELEVATOR APARTMENTS,268 EAST BROADWAY,A1007,"https://www.google.com/search?q=site%3Astreeteasy.com+""268+EAST+BROADWAY""+""A1007""",10,LEFT,2,1,1960,"1,050,000.00",5/11/2021
LOWER EAST SIDE,10002,10 COOPS - ELEVATOR APARTMENTS,385 GRAND STREET,L404,"https://www.google.com/search?q=site%3Astreeteasy.com+""385+GRAND+STREET""+""L404""",4,MIDDLE,1,1,1960,"675,000.00",11/18/2021
LOWER EAST SIDE,10002,10 COOPS - ELEVATOR APARTMENTS,385 GRAND STREET,L1106,"https://www.google.com/search?q=site%3Astreeteasy.com+""385+GRAND+STREET""+""L1106""",11,MIDDLE,3,2,1960,"1,630,000.00",11/19/2021
LOWER EAST SIDE,10002,10 COOPS - ELEVATOR APARTMENTS,266 EAST BROADWAY,B1507,"https://www.google.com/search?q=site%3Astreeteasy.com+""266+EAST+BROADWAY""+""B1507""",15,MIDDLE,1,1,1960,"805,000.00",12/8/2021
LOWER EAST SIDE,10002,10 COOPS - ELEVATOR APARTMENTS,417 GRAND STREET,D1402,"https://www.google.com/search?q=site%3Astreeteasy.com+""417+GRAND+STREET""+""D1402""",14,RIGHT,1,1,1960,"749,000.00",12/13/2021
LOWER EAST SIDE,10002,10 COOPS - ELEVATOR APARTMENTS,268 EAST BROADWAY,A104,"https://www.google.com/search?q=site%3Astreeteasy.com+""268+EAST+BROADWAY""+""A104""",1,LEFT,2,1,1960,"950,000.00",4/19/2022
LOWER EAST SIDE,10002,10 COOPS - ELEVATOR APARTMENTS,415 GRAND STREET,E1302,"https://www.google.com/search?q=site%3Astreeteasy.com+""415+GRAND+STREET""+""E1302""",13,MIDDLE,studio,1,1960,"495,000.00",12/29/2021
LOWER EAST SIDE,10002,10 COOPS - ELEVATOR APARTMENTS,413 GRAND STREET,F307,"https://www.google.com/search?q=site%3Astreeteasy.com+""413+GRAND+STREET""+""F307""",3,LEFT,2,1,1960,"975,000.00",4/7/2022
LOWER EAST SIDE,10002,10 COOPS - ELEVATOR APARTMENTS,264 EAST BROADWAY,C807,"https://www.google.com/search?q=site%3Astreeteasy.com+""264+EAST+BROADWAY""+""C807""",8,RIGHT,2,1,1960,"1,050,000.00",4/12/2023
LOWER EAST SIDE,10002,10 COOPS - ELEVATOR APARTMENTS,387 GRAND STREET,K903,"https://www.google.com/search?q=site%3Astreeteasy.com+""387+GRAND+STREET""+""K903""",9,RIGHT,1,1,1960,"750,000.00",1/21/2022
LOWER EAST SIDE,10002,10 COOPS - ELEVATOR APARTMENTS,415 GRAND STREET,E505,"https://www.google.com/search?q=site%3Astreeteasy.com+""415+GRAND+STREET""+""E505""",5,MIDDLE,1,1,1960,"575,000.00",1/27/2022
LOWER EAST SIDE,10002,10 COOPS - ELEVATOR APARTMENTS,208 EAST BROADWAY,J706,"https://www.google.com/search?q=site%3Astreeteasy.com+""208+EAST+BROADWAY""+""J706""",7,RIGHT,2,1,1960,"1,050,000.00",3/26/2024
LOWER EAST SIDE,10002,10 COOPS - ELEVATOR APARTMENTS,210 E. BROADWAY,H1803,"https://www.google.com/search?q=site%3Astreeteasy.com+""210+E.+BROADWAY""+""H1803""",18,MIDDLE,1,1,1960,"830,000.00",2/8/2022
LOWER EAST SIDE,10002,10 COOPS - ELEVATOR APARTMENTS,417 GRAND STREET,D1302,"https://www.google.com/search?q=site%3Astreeteasy.com+""417+GRAND+STREET""+""D1302""",13,RIGHT,1,1,1960,"685,000.00",2/14/2022
LOWER EAST SIDE,10002,10 COOPS - ELEVATOR APARTMENTS,417 GRAND STREET,D903,"https://www.google.com/search?q=site%3Astreeteasy.com+""417+GRAND+STREET""+""D903""",9,RIGHT,1,1,1960,"769,000.00",2/14/2022
LOWER EAST SIDE,10002,10 COOPS - ELEVATOR APARTMENTS,417 GRAND STREET,D1104,"https://www.google.com/search?q=site%3Astreeteasy.com+""417+GRAND+STREET""+""D1104""",11,RIGHT,2,1,1960,"1,040,000.00",11/10/2020
LOWER EAST SIDE,10002,10 COOPS - ELEVATOR APARTMENTS,415 GRAND STREET,E2004,"https://www.google.com/search?q=site%3Astreeteasy.com+""415+GRAND+STREET""+""E2004""",20,MIDDLE,1,1,1960,"700,000.00",3/9/2022
LOWER EAST SIDE,10002,10 COOPS - ELEVATOR APARTMENTS,413 GRAND STREET,F1307,"https://www.google.com/search?q=site%3Astreeteasy.com+""413+GRAND+STREET""+""F1307""",13,LEFT,2,1,1960,"1,040,000.00",2/13/2024
LOWER EAST SIDE,10002,10 COOPS - ELEVATOR APARTMENTS,268 EAST BROADWAY,A1903,"https://www.google.com/search?q=site%3Astreeteasy.com+""268+EAST+BROADWAY""+""A1903""",19,LEFT,1,1,1960,"835,000.00",3/14/2022
LOWER EAST SIDE,10002,10 COOPS - ELEVATOR APARTMENTS,210 EAST BROADWAY,H1203,"https://www.google.com/search?q=site%3Astreeteasy.com+""210+EAST+BROADWAY""+""H1203""",12,MIDDLE,1,1,1960,"738,000.00",3/14/2022
LOWER EAST SIDE,10002,10 COOPS - ELEVATOR APARTMENTS,268 EAST BROADWAY,A405,"https://www.google.com/search?q=site%3Astreeteasy.com+""268+EAST+BROADWAY""+""A405""",4,LEFT,2,1,1960,"1,050,000.00",4/4/2022
LOWER EAST SIDE,10002,10 COOPS - ELEVATOR APARTMENTS,264 EAST BROADWAY,C904,"https://www.google.com/search?q=site%3Astreeteasy.com+""264+EAST+BROADWAY""+""C904""",9,RIGHT,2,1,1960,"1,010,000.00",8/25/2021
LOWER EAST SIDE,10002,10 COOPS - ELEVATOR APARTMENTS,268 EAST BROADWAY,A1904,"https://www.google.com/search?q=site%3Astreeteasy.com+""268+EAST+BROADWAY""+""A1904""",19,LEFT,2,1,1960,"999,999.00",1/28/2021
LOWER EAST SIDE,10002,10 COOPS - ELEVATOR APARTMENTS,387 GRAND STREET,K203,"https://www.google.com/search?q=site%3Astreeteasy.com+""387+GRAND+STREET""+""K203""",2,RIGHT,1,1,1960,"797,500.00",3/22/2022
LOWER EAST SIDE,10002,10 COOPS - ELEVATOR APARTMENTS,212 EAST BROADWAY,G1307,"https://www.google.com/search?q=site%3Astreeteasy.com+""212+EAST+BROADWAY""+""G1307""",13,LEFT,2,1,1960,"999,999.00",9/14/2021
LOWER EAST SIDE,10002,10 COOPS - ELEVATOR APARTMENTS,268 EAST BROADWAY,A105,"https://www.google.com/search?q=site%3Astreeteasy.com+""268+EAST+BROADWAY""+""A105""",1,LEFT,2,1,1960,"930,000.00",3/14/2022
LOWER EAST SIDE,10002,10 COOPS - ELEVATOR APARTMENTS,264 EAST BROADWAY,C2001,"https://www.google.com/search?q=site%3Astreeteasy.com+""264+EAST+BROADWAY""+""C2001""",20,RIGHT,3,2,1960,"1,350,000.00",4/8/2022
LOWER EAST SIDE,10002,10 COOPS - ELEVATOR APARTMENTS,268 EAST BROADWAY,A107,"https://www.google.com/search?q=site%3Astreeteasy.com+""268+EAST+BROADWAY""+""A107""",1,LEFT,2,1,1960,"1,170,000.00",12/22/2021
LOWER EAST SIDE,10002,10 COOPS - ELEVATOR APARTMENTS,210 EAST BROADWAY,H1004,"https://www.google.com/search?q=site%3Astreeteasy.com+""210+EAST+BROADWAY""+""H1004""",10,MIDDLE,1,1,1960,"700,000.00",4/14/2022
LOWER EAST SIDE,10002,10 COOPS - ELEVATOR APARTMENTS,385 GRAND STREET,L1802,"https://www.google.com/search?q=site%3Astreeteasy.com+""385+GRAND+STREET""+""L1802""",18,MIDDLE,3,2,1960,"1,860,000.00",4/14/2022
LOWER EAST SIDE,10002,10 COOPS - ELEVATOR APARTMENTS,413 GRAND STREET,F606,"https://www.google.com/search?q=site%3Astreeteasy.com+""413+GRAND+STREET""+""F606""",6,LEFT,2,1,1960,"999,000.00",3/6/2020
LOWER EAST SIDE,10002,10 COOPS - ELEVATOR APARTMENTS,417 GRAND STREET,D1002,"https://www.google.com/search?q=site%3Astreeteasy.com+""417+GRAND+STREET""+""D1002""",10,RIGHT,1,1,1960,"645,000.00",4/29/2022
LOWER EAST SIDE,10002,10 COOPS - ELEVATOR APARTMENTS,266 EAST BROADWAY,B405,"https://www.google.com/search?q=site%3Astreeteasy.com+""266+EAST+BROADWAY""+""B405""",4,MIDDLE,1,1,1960,"625,000.00",5/2/2022
LOWER EAST SIDE,10002,10 COOPS - ELEVATOR APARTMENTS,415 GRAND STREET,E1007,"https://www.google.com/search?q=site%3Astreeteasy.com+""415+GRAND+STREET""+""E1007""",10,MIDDLE,1,1,1960,"810,000.00",5/4/2022
LOWER EAST SIDE,10002,10 COOPS - ELEVATOR APARTMENTS,264 EAST BROADWAY,C202,"https://www.google.com/search?q=site%3Astreeteasy.com+""264+EAST+BROADWAY""+""C202""",2,RIGHT,2,2,1960,"975,000.00",10/5/2021
LOWER EAST SIDE,10002,10 COOPS - ELEVATOR APARTMENTS,268 EAST BROADWAY,A606,"https://www.google.com/search?q=site%3Astreeteasy.com+""268+EAST+BROADWAY""+""A606""",6,LEFT,2,1,1960,"999,000.00",10/12/2021
LOWER EAST SIDE,10002,10 COOPS - ELEVATOR APARTMENTS,415 GRAND STREET,E502,"https://www.google.com/search?q=site%3Astreeteasy.com+""415+GRAND+STREET""+""E502""",5,MIDDLE,studio,1,1960,"420,000.00",5/20/2022
LOWER EAST SIDE,10002,10 COOPS - ELEVATOR APARTMENTS,387 GRAND STREET,K301,"https://www.google.com/search?q=site%3Astreeteasy.com+""387+GRAND+STREET""+""K301""",3,RIGHT,1,1,1960,"677,000.00",5/23/2022
LOWER EAST SIDE,10002,10 COOPS - ELEVATOR APARTMENTS,417 GRAND STREET,D807,"https://www.google.com/search?q=site%3Astreeteasy.com+""417+GRAND+STREET""+""D807""",8,RIGHT,2,1,1960,"990,000.00",9/8/2021
LOWER EAST SIDE,10002,10 COOPS - ELEVATOR APARTMENTS,417 GRAND STREET,D102,"https://www.google.com/search?q=site%3Astreeteasy.com+""417+GRAND+STREET""+""D102""",1,RIGHT,1,1,1960,"640,000.00",5/25/2022
LOWER EAST SIDE,10002,10 COOPS - ELEVATOR APARTMENTS,417 GRAND STREET,D101,"https://www.google.com/search?q=site%3Astreeteasy.com+""417+GRAND+STREET""+""D101""",1,RIGHT,1,1,1960,"640,000.00",5/27/2022
LOWER EAST SIDE,10002,10 COOPS - ELEVATOR APARTMENTS,383 GRAND STREET,M1603,"https://www.google.com/search?q=site%3Astreeteasy.com+""383+GRAND+STREET""+""M1603""",16,LEFT,1,1,1960,"895,000.00",5/31/2022
LOWER EAST SIDE,10002,10 COOPS - ELEVATOR APARTMENTS,266 EAST BROADWAY,B705,"https://www.google.com/search?q=site%3Astreeteasy.com+""266+EAST+BROADWAY""+""B705""",7,MIDDLE,1,1,1960,"827,000.00",6/15/2022
LOWER EAST SIDE,10002,10 COOPS - ELEVATOR APARTMENTS,417 GRAND STREET,1501,"https://www.google.com/search?q=site%3Astreeteasy.com+""417+GRAND+STREET""+""1501""",15,RIGHT,1,1,1960,"695,000.00",7/8/2022
LOWER EAST SIDE,10002,10 COOPS - ELEVATOR APARTMENTS,387 GRAND STREET,K1302,"https://www.google.com/search?q=site%3Astreeteasy.com+""387+GRAND+STREET""+""K1302""",13,RIGHT,1,1,1960,"830,000.00",7/27/2022
LOWER EAST SIDE,10002,10 COOPS - ELEVATOR APARTMENTS,268 EAST BROADWAY,A2006,"https://www.google.com/search?q=site%3Astreeteasy.com+""268+EAST+BROADWAY""+""A2006""",20,LEFT,2,1,1960,"990,000.00",2/28/2024
LOWER EAST SIDE,10002,10 COOPS - ELEVATOR APARTMENTS,208 EAST BROADWAY,J1804,"https://www.google.com/search?q=site%3Astreeteasy.com+""208+EAST+BROADWAY""+""J1804""",18,RIGHT,2,1,1960,"985,000.00",5/23/2022
LOWER EAST SIDE,10002,10 COOPS - ELEVATOR APARTMENTS,415 GRAND STREET,E1602,"https://www.google.com/search?q=site%3Astreeteasy.com+""415+GRAND+STREET""+""E1602""",16,MIDDLE,studio,1,1960,"498,000.00",8/3/2022
LOWER EAST SIDE,10002,10 COOPS - ELEVATOR APARTMENTS,266 EAST BROADWAY,B1404,"https://www.google.com/search?q=site%3Astreeteasy.com+""266+EAST+BROADWAY""+""B1404""",14,MIDDLE,1,1,1960,"750,000.00",8/4/2022
LOWER EAST SIDE,10002,10 COOPS - ELEVATOR APARTMENTS,266 EAST BROADWAY,B906,"https://www.google.com/search?q=site%3Astreeteasy.com+""266+EAST+BROADWAY""+""B906""",9,MIDDLE,3,1.5,1960,"711,500.00",9/21/2022
LOWER EAST SIDE,10002,10 COOPS - ELEVATOR APARTMENTS,415 GRAND ST,E204,"https://www.google.com/search?q=site%3Astreeteasy.com+""415+GRAND+ST""+""E204""",2,MIDDLE,1,1,1960,"610,000.00",11/3/2022
LOWER EAST SIDE,10002,10 COOPS - ELEVATOR APARTMENTS,210 EAST BROADWAY,H1702,"https://www.google.com/search?q=site%3Astreeteasy.com+""210+EAST+BROADWAY""+""H1702""",17,MIDDLE,studio,1,1960,"480,000.00",11/4/2022
LOWER EAST SIDE,10002,10 COOPS - ELEVATOR APARTMENTS,264 EAST BROADWAY,C1101,"https://www.google.com/search?q=site%3Astreeteasy.com+""264+EAST+BROADWAY""+""C1101""",11,RIGHT,1,1,1960,"710,000.00",11/14/2022
LOWER EAST SIDE,10002,10 COOPS - ELEVATOR APARTMENTS,415 GRAND STREET,E1707,"https://www.google.com/search?q=site%3Astreeteasy.com+""415+GRAND+STREET""+""E1707""",17,MIDDLE,1,1,1960,"787,000.00",11/17/2022
LOWER EAST SIDE,10002,10 COOPS - ELEVATOR APARTMENTS,385 GRAND STREET,L1603,"https://www.google.com/search?q=site%3Astreeteasy.com+""385+GRAND+STREET""+""L1603""",16,MIDDLE,1,1,1960,"803,000.00",12/14/2022
LOWER EAST SIDE,10002,10 COOPS - ELEVATOR APARTMENTS,268 EAST BROADWAY,A2004,"https://www.google.com/search?q=site%3Astreeteasy.com+""268+EAST+BROADWAY""+""A2004""",20,LEFT,2,1,1960,"985,000.00",1/12/2024
LOWER EAST SIDE,10002,10 COOPS - ELEVATOR APARTMENTS,387 GRAND STREET,K905,"https://www.google.com/search?q=site%3Astreeteasy.com+""387+GRAND+STREET""+""K905""",9,RIGHT,2,1,1960,"975,000.00",1/3/2020
LOWER EAST SIDE,10002,10 COOPS - ELEVATOR APARTMENTS,210 EAST BROADWAY,H1505,"https://www.google.com/search?q=site%3Astreeteasy.com+""210+EAST+BROADWAY""+""H1505""",15,MIDDLE,1,1,1960,"600,000.00",1/30/2023
LOWER EAST SIDE,10002,10 COOPS - ELEVATOR APARTMENTS,208 EAST BROADWAY,J906,"https://www.google.com/search?q=site%3Astreeteasy.com+""208+EAST+BROADWAY""+""J906""",9,RIGHT,4,2,1960,"2,175,000.00",1/31/2023
LOWER EAST SIDE,10002,10 COOPS - ELEVATOR APARTMENTS,413 GRAND STREET,F101,"https://www.google.com/search?q=site%3Astreeteasy.com+""413+GRAND+STREET""+""F101""",1,LEFT,3,1.5,1960,"1,085,000.00",2/1/2023
LOWER EAST SIDE,10002,10 COOPS - ELEVATOR APARTMENTS,413 GRAND STREET,F103,"https://www.google.com/search?q=site%3Astreeteasy.com+""413+GRAND+STREET""+""F103""",1,LEFT,1,1,1960,"735,000.00",2/10/2023
LOWER EAST SIDE,10002,10 COOPS - ELEVATOR APARTMENTS,415 GRAND STREET,E608,"https://www.google.com/search?q=site%3Astreeteasy.com+""415+GRAND+STREET""+""E608""",6,MIDDLE,1,1,1960,"730,000.00",2/28/2023
LOWER EAST SIDE,10002,10 COOPS - ELEVATOR APARTMENTS,264 EAST BROADWAY,C407,"https://www.google.com/search?q=site%3Astreeteasy.com+""264+EAST+BROADWAY""+""C407""",4,RIGHT,2,1,1960,"999,900.00",8/23/2021
LOWER EAST SIDE,10002,10 COOPS - ELEVATOR APARTMENTS,212 EAST BROADWAY,G401,"https://www.google.com/search?q=site%3Astreeteasy.com+""212+EAST+BROADWAY""+""G401""",4,LEFT,3,1.5,1960,"1,250,000.00",3/21/2023
LOWER EAST SIDE,10002,10 COOPS - ELEVATOR APARTMENTS,210 EAST BROADWAY,H1405,"https://www.google.com/search?q=site%3Astreeteasy.com+""210+EAST+BROADWAY""+""H1405""",14,MIDDLE,1,1,1960,"585,000.00",4/4/2023
LOWER EAST SIDE,10002,10 COOPS - ELEVATOR APARTMENTS,383 GRAND STREET,M304,"https://www.google.com/search?q=site%3Astreeteasy.com+""383+GRAND+STREET""+""M304""",3,LEFT,2,2,1960,"1,300,000.00",7/21/2021
LOWER EAST SIDE,10002,10 COOPS - ELEVATOR APARTMENTS,208 EAST BROADWAY,J107,"https://www.google.com/search?q=site%3Astreeteasy.com+""208+EAST+BROADWAY""+""J107""",1,RIGHT,2,1,1960,"1,019,500.00",4/7/2021
LOWER EAST SIDE,10002,10 COOPS - ELEVATOR APARTMENTS,210 EAST BROADWAY,H1907,"https://www.google.com/search?q=site%3Astreeteasy.com+""210+EAST+BROADWAY""+""H1907""",19,MIDDLE,1,1,1960,"750,000.00",5/3/2023
LOWER EAST SIDE,10002,10 COOPS - ELEVATOR APARTMENTS,268 EAST BROADWAY,A203,"https://www.google.com/search?q=site%3Astreeteasy.com+""268+EAST+BROADWAY""+""A203""",2,LEFT,1,1,1960,"855,000.00",5/16/2023
LOWER EAST SIDE,10002,10 COOPS - ELEVATOR APARTMENTS,413 GRAND STREET,F1201,"https://www.google.com/search?q=site%3Astreeteasy.com+""413+GRAND+STREET""+""F1201""",12,LEFT,3,1.5,1960,"1,290,000.00",6/22/2023
LOWER EAST SIDE,10002,10 COOPS - ELEVATOR APARTMENTS,266 EAST BROADWAY,B1806,"https://www.google.com/search?q=site%3Astreeteasy.com+""266+EAST+BROADWAY""+""B1806""",18,MIDDLE,3,1.5,1960,"1,575,007.00",6/23/2023
LOWER EAST SIDE,10002,10 COOPS - ELEVATOR APARTMENTS,210 EAST BROADWAY,H707,"https://www.google.com/search?q=site%3Astreeteasy.com+""210+EAST+BROADWAY""+""H707""",7,MIDDLE,1,1,1960,"730,000.00",7/18/2023
LOWER EAST SIDE,10002,10 COOPS - ELEVATOR APARTMENTS,210 EAST BROADWAY,H1008,"https://www.google.com/search?q=site%3Astreeteasy.com+""210+EAST+BROADWAY""+""H1008""",10,MIDDLE,1,1,1960,"775,000.00",7/19/2023
LOWER EAST SIDE,10002,10 COOPS - ELEVATOR APARTMENTS,208 EAST BROADWAY,J1601,"https://www.google.com/search?q=site%3Astreeteasy.com+""208+EAST+BROADWAY""+""J1601""",16,RIGHT,1,1,1960,"675,000.00",7/19/2023
LOWER EAST SIDE,10002,10 COOPS - ELEVATOR APARTMENTS,268 EAST BROADWAY,A1305,"https://www.google.com/search?q=site%3Astreeteasy.com+""268+EAST+BROADWAY""+""A1305""",13,LEFT,2,1,1960,"970,000.00",4/10/2023
LOWER EAST SIDE,10002,10 COOPS - ELEVATOR APARTMENTS,415 GRAND STREET,E707,"https://www.google.com/search?q=site%3Astreeteasy.com+""415+GRAND+STREET""+""E707""",7,MIDDLE,1,1,1960,"715,000.00",8/2/2023
LOWER EAST SIDE,10002,10 COOPS - ELEVATOR APARTMENTS,264 EAST BROADWAY,C1303,"https://www.google.com/search?q=site%3Astreeteasy.com+""264+EAST+BROADWAY""+""C1303""",13,RIGHT,1,1,1960,"880,000.00",8/3/2023
LOWER EAST SIDE,10002,10 COOPS - ELEVATOR APARTMENTS,385 GRAND ST,L1507,"https://www.google.com/search?q=site%3Astreeteasy.com+""385+GRAND+ST""+""L1507""",15,MIDDLE,1,1,1960,"800,000.00",8/17/2023
LOWER EAST SIDE,10002,10 COOPS - ELEVATOR APARTMENTS,266 EAST BROADWAY,B706,"https://www.google.com/search?q=site%3Astreeteasy.com+""266+EAST+BROADWAY""+""B706""",7,MIDDLE,3,1.5,1960,"1,285,000.00",9/13/2023
LOWER EAST SIDE,10002,10 COOPS - ELEVATOR APARTMENTS,266 EAST BROADWAY,B502,"https://www.google.com/search?q=site%3Astreeteasy.com+""266+EAST+BROADWAY""+""B502""",5,MIDDLE,studio,1,1960,"455,000.00",9/18/2023
LOWER EAST SIDE,10002,10 COOPS - ELEVATOR APARTMENTS,415 GRAND STREET,E1801,"https://www.google.com/search?q=site%3Astreeteasy.com+""415+GRAND+STREET""+""E1801""",18,MIDDLE,2,1,1960,"950,000.00",3/2/2020
LOWER EAST SIDE,10002,10 COOPS - ELEVATOR APARTMENTS,212 E. BROADWAY,G1005,"https://www.google.com/search?q=site%3Astreeteasy.com+""212+E.+BROADWAY""+""G1005""",10,LEFT,2,1,1960,"950,000.00",8/30/2021
LOWER EAST SIDE,10002,10 COOPS - ELEVATOR APARTMENTS,210 EAST BROADWAY,H1908,"https://www.google.com/search?q=site%3Astreeteasy.com+""210+EAST+BROADWAY""+""H1908""",19,MIDDLE,1,1,1960,"790,000.00",10/27/2023
LOWER EAST SIDE,10002,10 COOPS - ELEVATOR APARTMENTS,415 GRAND STREET,E1407,"https://www.google.com/search?q=site%3Astreeteasy.com+""415+GRAND+STREET""+""E1407""",14,MIDDLE,1,1,1960,"735,688.00",11/1/2023
LOWER EAST SIDE,10002,10 COOPS - ELEVATOR APARTMENTS,212 EAST BROADWAY,G605,"https://www.google.com/search?q=site%3Astreeteasy.com+""212+EAST+BROADWAY""+""G605""",6,LEFT,2,1,1960,"950,000.00",3/8/2022
LOWER EAST SIDE,10002,10 COOPS - ELEVATOR APARTMENTS,413 GRAND STREET,F1102,"https://www.google.com/search?q=site%3Astreeteasy.com+""413+GRAND+STREET""+""F1102""",11,LEFT,1,1,1960,"440,000.00",11/3/2023
LOWER EAST SIDE,10002,10 COOPS - ELEVATOR APARTMENTS,212 EAST BROADWAY,G1402,"https://www.google.com/search?q=site%3Astreeteasy.com+""212+EAST+BROADWAY""+""G1402""",14,LEFT,1,1,1960,"450,000.00",11/7/2023
LOWER EAST SIDE,10002,10 COOPS - ELEVATOR APARTMENTS,210 EAST BROADWAY,H306,"https://www.google.com/search?q=site%3Astreeteasy.com+""210+EAST+BROADWAY""+""H306""",3,MIDDLE,3,1.5,1960,"1,300,000.00",11/8/2023
LOWER EAST SIDE,10002,10 COOPS - ELEVATOR APARTMENTS,417 GRAND STREET,D105,"https://www.google.com/search?q=site%3Astreeteasy.com+""417+GRAND+STREET""+""D105""",1,RIGHT,2,1,1960,"999,000.00",4/5/2021
LOWER EAST SIDE,10002,10 COOPS - ELEVATOR APARTMENTS,264 EAST BROADWAY,C1301,"https://www.google.com/search?q=site%3Astreeteasy.com+""264+EAST+BROADWAY""+""C1301""",13,RIGHT,1,1,1960,"670,000.00",11/20/2023
LOWER EAST SIDE,10002,10 COOPS - ELEVATOR APARTMENTS,210 EAST BROADWAY,H605,"https://www.google.com/search?q=site%3Astreeteasy.com+""210+EAST+BROADWAY""+""H605""",6,MIDDLE,1,1,1960,"630,000.00",11/29/2023
LOWER EAST SIDE,10002,10 COOPS - ELEVATOR APARTMENTS,413 GRAND STREET,F1905,"https://www.google.com/search?q=site%3Astreeteasy.com+""413+GRAND+STREET""+""F1905""",19,LEFT,2,1,1960,"949,000.00",2/3/2022
LOWER EAST SIDE,10002,10 COOPS - ELEVATOR APARTMENTS,415 GRAND STREET,E1601,"https://www.google.com/search?q=site%3Astreeteasy.com+""415+GRAND+STREET""+""E1601""",16,MIDDLE,2,1,1960,"935,000.00",3/15/2022
LOWER EAST SIDE,10002,10 COOPS - ELEVATOR APARTMENTS,385 GRAND STREET,L302,"https://www.google.com/search?q=site%3Astreeteasy.com+""385+GRAND+STREET""+""L302""",3,MIDDLE,studio,1,1960,"515,000.00",12/19/2023
LOWER EAST SIDE,10002,10 COOPS - ELEVATOR APARTMENTS,385 GRAND STREET,L902,"https://www.google.com/search?q=site%3Astreeteasy.com+""385+GRAND+STREET""+""L902""",9,MIDDLE,studio,1,1960,"460,000.00",1/4/2024
LOWER EAST SIDE,10002,10 COOPS - ELEVATOR APARTMENTS,210 EAST BROADWAY,H101,"https://www.google.com/search?q=site%3Astreeteasy.com+""210+EAST+BROADWAY""+""H101""",1,MIDDLE,2,1,1960,"860,000.00",3/24/2021
LOWER EAST SIDE,10002,10 COOPS - ELEVATOR APARTMENTS,210 EAST BROADWAY,H1308,"https://www.google.com/search?q=site%3Astreeteasy.com+""210+EAST+BROADWAY""+""H1308""",13,MIDDLE,1,1,1960,"765,000.00",1/16/2024
LOWER EAST SIDE,10002,10 COOPS - ELEVATOR APARTMENTS,266 EAST BROADWAY,B1406,"https://www.google.com/search?q=site%3Astreeteasy.com+""266+EAST+BROADWAY""+""B1406""",14,MIDDLE,3,1.5,1960,"1,300,000.00",1/31/2024
LOWER EAST SIDE,10002,10 COOPS - ELEVATOR APARTMENTS,383 GRAND STREET,M902,"https://www.google.com/search?q=site%3Astreeteasy.com+""383+GRAND+STREET""+""M902""",9,LEFT,1,1,1960,"450,000.00",2/2/2024
LOWER EAST SIDE,10002,10 COOPS - ELEVATOR APARTMENTS,264 EAST BROADWAY,C1906,"https://www.google.com/search?q=site%3Astreeteasy.com+""264+EAST+BROADWAY""+""C1906""",19,RIGHT,2,1,1960,"900,000.00",7/16/2021
LOWER EAST SIDE,10002,10 COOPS - ELEVATOR APARTMENTS,385 GRAND STREET,L307,"https://www.google.com/search?q=site%3Astreeteasy.com+""385+GRAND+STREET""+""L307""",3,MIDDLE,1,1,1960,"780,000.00",2/9/2024
LOWER EAST SIDE,10002,10 COOPS - ELEVATOR APARTMENTS,268 EAST BROADWAY,A306,"https://www.google.com/search?q=site%3Astreeteasy.com+""268+EAST+BROADWAY""+""A306""",3,LEFT,2,1,1960,"890,000.00",3/11/2021
LOWER EAST SIDE,10002,10 COOPS - ELEVATOR APARTMENTS,417 GRAND STREET,D1305,"https://www.google.com/search?q=site%3Astreeteasy.com+""417+GRAND+STREET""+""D1305""",13,RIGHT,2,1,1960,"860,000.00",1/28/2021
LOWER EAST SIDE,10002,10 COOPS - ELEVATOR APARTMENTS,417 GRAND STREET,D401,"https://www.google.com/search?q=site%3Astreeteasy.com+""417+GRAND+STREET""+""D401""",4,RIGHT,1,1,1960,"650,000.00",3/13/2024
LOWER EAST SIDE,10002,10 COOPS - ELEVATOR APARTMENTS,417 GRAND STREET,D207,"https://www.google.com/search?q=site%3Astreeteasy.com+""417+GRAND+STREET""+""D207""",2,RIGHT,2,1,1960,"1,050,000.00",9/4/2020
LOWER EAST SIDE,10002,10 COOPS - ELEVATOR APARTMENTS,266 EAST BROADWAY,B1504,"https://www.google.com/search?q=site%3Astreeteasy.com+""266+EAST+BROADWAY""+""B1504""",15,MIDDLE,1,1,1960,"650,000.00",4/2/2024
LOWER EAST SIDE,10002,10 COOPS - ELEVATOR APARTMENTS,208 EAST BROADWAY,J1605,"https://www.google.com/search?q=site%3Astreeteasy.com+""208+EAST+BROADWAY""+""J1605""",16,RIGHT,2,1,1960,"488,800.00",2/11/2020
LOWER EAST SIDE,10002,10 COOPS - ELEVATOR APARTMENTS,383 GRAND STREET,M1602,"https://www.google.com/search?q=site%3Astreeteasy.com+""383+GRAND+STREET""+""M1602""",16,LEFT,1,1,1960,"433,000.00",4/19/2024
LOWER EAST SIDE,10002,10 COOPS - ELEVATOR APARTMENTS,208 EAST BROADWAY,J1803,"https://www.google.com/search?q=site%3Astreeteasy.com+""208+EAST+BROADWAY""+""J1803""",18,RIGHT,1,1,1960,"999,000.00",4/26/2024
LOWER EAST SIDE,10002,10 COOPS - ELEVATOR APARTMENTS,268 EAST BROADWAY,A705,"https://www.google.com/search?q=site%3Astreeteasy.com+""268+EAST+BROADWAY""+""A705""",7,LEFT,2,1,1960,"467,225.00",12/9/2020
LOWER EAST SIDE,10002,10 COOPS - ELEVATOR APARTMENTS,415 GRAND STREET,E1704,"https://www.google.com/search?q=site%3Astreeteasy.com+""415+GRAND+STREET""+""E1704""",17,MIDDLE,1,1,1960,"650,000.00",5/8/2024
LOWER EAST SIDE,10002,10 COOPS - ELEVATOR APARTMENTS,264 EAST BROADWAY,C2003,"https://www.google.com/search?q=site%3Astreeteasy.com+""264+EAST+BROADWAY""+""C2003""",20,RIGHT,1,1,1960,"910,000.00",6/17/2024
LOWER EAST SIDE,10002,10 COOPS - ELEVATOR APARTMENTS,210 EAST BROADWAY,H907,"https://www.google.com/search?q=site%3Astreeteasy.com+""210+EAST+BROADWAY""+""H907""",9,MIDDLE,1,1,1960,"740,000.00",6/25/2024